type,parent,label,route,channel_manager,corporate_prm_admin,partner_sales,notes
page,,Dashboard,dashboard,Yes,Yes,Yes,Route resolves per persona (dashboard/<persona>)
page,,Start Onboarding,journeys,Yes,Yes,Yes,
page,,Get Certified,coursecatalog,,,,Expected values missing in source sheet
external,,Register Deals,,No,No,Yes,Link to client's IFT - not an AMP page; skipped
group,,Deal Management,,,,,
page,Deal Management,Deal Registration Requests,manage/leads/leadregistered,Yes,Yes,No,
page,Deal Management,Deal Registration Approval,setup/leads/leadrequests,Yes,Yes,No,
page,Deal Management,Opportunities,manage/opportunity-records,Yes,Yes,Yes,
page,,Request MDF,manage/mdf/funds,No,No,No,
group,,MDF Management,,No,No,No,
page,MDF Management,MDF Approval Plans,manage/mdf/fundplans,No,No,No,
page,MDF Management,MDF Approval Requests,manage/mdf/viewrequests,No,No,No,
page,,Asset Library,asset-overview,Yes,Yes,Yes,PDF text shows both 'assetoverview' and 'asset-overview' - confirm
page,,Rewards Catalog,reward/catalog,No,No,No,
group,,To Partner Campaigns,,Yes,Yes,Yes,
group,To Partner Campaigns,Contacts & Lists,,Yes,Yes,Yes,
page,Contacts & Lists,Import Contacts,connections/import,No,Yes,No,
page,Contacts & Lists,Manage Contacts,connections/contacts,Yes,Yes,No,
page,Contacts & Lists,Manage Lists,connections/lists,Yes,Yes,No,
page,Contacts & Lists,Accounts,connections/accounts,Yes,Yes,Yes,
page,Contacts & Lists,Exports,connections/export/status,Yes,Yes,Yes,
group,To Partner Campaigns,Email,,Yes,Yes,Yes,
page,Email,Send an Email,communicate/email,Yes,Yes,No,
page,Email,Email Drip Campaigns,manage/campaigns/drip,Yes,Yes,No,
group,To Partner Campaigns,Social,,No,No,No,
page,Social,Post to Social,communicate/social,No,No,No,
page,Social,Social Drip Campaigns,manage/campaigns/socialdrip,No,No,No,
group,To Partner Campaigns,Web,,,,,
page,Web,Landing Pages,manage/campaigns/landingpage,No,No,No,
page,Web,External Site Tracking,manage/externaltracking/sites,No,No,No,
page,Web,External Link Tracking,manage/externaltracking/links,No,No,No,
group,,Reports,,Yes,Yes,Yes,
group,Reports,Marketing Reports,,,,,Source sheet has only two values (Yes Yes) - confirm
page,Marketing Reports,Campaign Summary Report,manage/campaigns/report/summary,Yes,Yes,No,
page,Marketing Reports,Email Report,communicate/email/report/summary,Yes,Yes,No,
page,Marketing Reports,Email Drip Report,manage/campaigns/drip/report,Yes,Yes,No,
page,Marketing Reports,Social Post Report,report/socialoneoff,No,No,No,
page,Marketing Reports,Social Drip Report,report/socialdrip,No,No,No,
page,Marketing Reports,Landing Page Reports,manage/campaigns/landingpage/summary,No,No,No,
page,Marketing Reports,Web Banner Report,manage/campaigns/webbanner/summary,No,No,No,
page,Marketing Reports,Forms Reports,forms/summary,No,No,No,
page,Reports,Asset Report,report/assets,Yes,Yes,No,
page,Reports,MDF Report,mdf/mdfsummaryreport,No,No,No,
page,Reports,Onboarding Journey Report,report/playbooks/linear,Yes,Yes,No,
group,Reports,Deal Reports,,,,,
page,Deal Reports,Deal Registration Report,report/dealsregistration/summary,Yes,Yes,No,
page,Deal Reports,Opportunity Report,reports/opportunity,Yes,Yes,No,
group,Reports,Training Reports,,Yes,Yes,No,
page,Training Reports,Curriculum Report,report/curriculum,Yes,Yes,No,
page,Training Reports,Course Report,report/courses,Yes,Yes,No,
page,Training Reports,Certification Report,report/certification,Yes,Yes,No,
group,Reports,User Reports,,No,Yes,No,
page,User Reports,User Activity Feed,report/useractivityfeed,No,Yes,No,
page,User Reports,User Report,report/setup/salesuser,No,Yes,No,
page,User Reports,Organization Report,report/organization,No,Yes,No,
page,User Reports,Organization Group Report,report/organization/groups,No,Yes,No,
page,Reports,Internal Page Tracking,report/internalpages/tracking/report,No,No,No,
page,Reports,Incentive Report,incentive/summary,No,No,No,
group,,Setup,,No,Yes,No,
group,Setup,Asset Management,,No,Yes,No,
page,Asset Management,Templates,setup/templates/templates,No,Yes,No,
page,Asset Management,Playbook Templates,setup/playbooktemplates,No,Yes,No,
page,Asset Management,Asset Configuration,setup/assets/configuration,No,Yes,No,
page,Asset Management,Image Gallery,setup/gallery/banner/images,No,Yes,No,
page,Asset Management,Document Gallery,setup/gallery/documents/assets,No,Yes,No,
page,Asset Management,Video Gallery,setup/gallery/videos,No,Yes,No,
page,Asset Management,Drip Templates,setup/templates/drip,No,Yes,No,
page,Asset Management,Social Drip Templates,setup/templates/socialdrip,No,No,No,
page,Asset Management,Brand,setup/brand,No,No,No,
group,Setup,Filter Management,,No,Yes,No,
page,Filter Management,Filter Management,filtermanagement/filters,No,Yes,No,
page,Filter Management,Filter Category,filtermanagement/category,No,Yes,No,
page,Setup,Event Calendar,manage/calendar/eventscalendar,Yes,Yes,Yes,
group,Setup,Learning Management,,Yes,Yes,Yes,
page,Learning Management,Courses,setup/courses,Yes,Yes,Yes,
page,Learning Management,Curriculum,setup/curriculum,Yes,Yes,Yes,
group,Setup,User Management,,No,Yes,No,
page,User Management,Users,setup/users/list,No,Yes,No,
page,User Management,Import Users,setup/users/import/status,No,Yes,No,
page,User Management,Roles,setup/roles,No,Yes,No,
page,User Management,User Groups,setup/groups,No,Yes,No,
page,User Management,Organizations,setup/organizations,No,Yes,No,
page,User Management,Organization Groups,setup/organization/groups,No,Yes,No,
group,Setup,Custom Fields,,No,Yes,No,
page,Custom Fields,Contact Custom Fields,setup/fields,No,Yes,No,
page,Custom Fields,User Custom Fields,user/fields,No,Yes,No,
page,Custom Fields,Opportunity Custom Fields,setup/opportunity,No,Yes,No,
page,Custom Fields,MDF Custom Fields,manage/mdf/fields,No,No,No,
page,Custom Fields,Case Custom Fields,setup/cases,No,Yes,No,
page,Setup,Lead Routing,setup/leadrouting,No,Yes,No,
group,Setup,Scoring,,No,Yes,No,
page,Scoring,Contacts Scoring,setup/leadscoring,No,Yes,No,
page,Scoring,Users Scoring,setup/memberscoring,No,Yes,No,
page,Scoring,Opportunities Scoring,setup/opportunityscoring,No,Yes,No,
page,Scoring,Assets Scoring,setup/assetscoring,No,Yes,No,
group,Setup,Company Smart Lists,,No,Yes,No,
page,Company Smart Lists,Contact Lists,setup/companysmartlists,No,Yes,No,
page,Company Smart Lists,User Lists,setup/companyuserlists,No,Yes,No,
page,Company Smart Lists,Organization Lists,setup/organizationlists,No,Yes,No,
page,Company Smart Lists,Opportunity Lists,setup/companyopportunitieslists,No,Yes,No,
page,Company Smart Lists,Asset Lists,setup/assetlists,No,Yes,No,
page,Setup,Automation Manager,setup/automationmanager,No,Yes,No,
group,Setup,Incentive Management,,No,No,No,
page,Incentive Management,Incentive Programs,setup/incentive,No,No,No,
page,Incentive Management,Reward Records,reward/records,No,No,No,
page,Incentive Management,Reload Redemption Requests,points/redemption/requests,No,No,No,
page,Setup,Announcements,setup/announcements,No,Yes,No,
group,Setup,CRM Settings,,No,Yes,No,
page,CRM Settings,CRM Settings,setup/crmsettings/crm,No,Yes,No,
page,CRM Settings,Manage CRM Connections,setup/crmuserconnections,No,Yes,No,
page,Setup,Dashboard Setting,setup/dashboard,No,Yes,No,
group,,Help,,,,,
