page,name,Ayush,Anmol
https://main.dvl.amp.vg/#collateral/internal-playbook,Internal Playbook,Yes,No
https://main.dvl.amp.vg/#manage/opportunity-records,Opportunities,Yes,No
https://main.dvl.amp.vg/#reports/opportunity,Opportunities Reports,Yes,No
https://main.dvl.amp.vg/#communicate/email,Email,Yes,No
https://main.dvl.amp.vg/#communicate/email/report/summary,Email Summary Report,Yes,No
https://main.dvl.amp.vg/#manage/campaigns/drip,Drip (Lead Nurturing),Yes,No
https://main.dvl.amp.vg/#manage/campaigns/landingpage,Landing Page,Yes,No
https://main.dvl.amp.vg/#manage/externaltracking/sites,External Sites,Yes,No
https://main.dvl.amp.vg/#manage/externaltracking/links,External Links,Yes,No
https://main.dvl.amp.vg/#manage/campaigns/report/summary,Campaigns Summary Reports,Yes,No
https://main.dvl.amp.vg/#setup/users/list,Users,Yes,No
